,vader_compound,vader_compound,textblob_polarity,textblob_polarity,afinn_score,afinn_score,hf_roberta_score,hf_roberta_score,hf_sst2_score,hf_sst2_score
,mean,std,mean,std,mean,std,mean,std,mean,std
status,,,,,,,,,,
ghosted,,,,,0.0,0.0,,,,
rejection,0.8962166666666667,0.1901386854297928,0.16202224273547802,0.1461938625235441,15.583333333333334,9.100033299972372,0.30296249501407146,0.47389037696847613,0.3289099584023158,0.8397995599381748
rejection_with_feedback,0.9009,,0.27578125,,16.0,,-0.0013211816549301147,,0.9969265460968018,
