,vader_compound,textblob_polarity,afinn_score,hf_roberta_score,hf_sst2_score
vader_compound,1.0,0.7293294640758594,0.594379763266684,0.37829069303301427,0.4790349053344818
textblob_polarity,0.7293294640758594,1.0,0.5390094547365184,0.1576922008132457,0.19678952551281792
afinn_score,0.594379763266684,0.5390094547365184,1.0,0.42981858714297,0.32472122797397
hf_roberta_score,0.37829069303301427,0.1576922008132457,0.42981858714297,1.0,0.48351843591243093
hf_sst2_score,0.4790349053344818,0.19678952551281792,0.32472122797397,0.48351843591243093,1.0
