company,vader,roberta,positive_sum,negative_sum,net_impact,gap
Company_B,0.9878,0.1702462434768676,2.458234926307341,-1.299199797300389,1.159035129006952,0.8175537565231324
Company_A,0.9894,0.8253324627876282,2.6652702577994205,-0.5835426351986825,2.081727622600738,0.16406753721237177
Company_F,0.9898,0.8744032979011536,2.6678663237544242,-0.4494872724171728,2.2183790513372514,0.11539670209884645
Company_D,0.3071,-0.2816810011863708,0.8654488404281437,-1.4084221511147916,-0.5429733106866479,0.5887810011863708
