{
  "Company_B": {
    "vader": 0.9878,
    "roberta": 0.1702462434768676,
    "positive_sum": 2.458234926307341,
    "negative_sum": -1.299199797300389,
    "net_impact": 1.159035129006952,
    "words": [
      [
        "great",
        0.5104658603668213
      ],
      [
        "amongst",
        0.33959344029426575
      ],
      [
        "interest",
        0.11742706596851349
      ],
      [
        "candidates",
        0.10830047726631165
      ],
      [
        "best",
        0.09773073345422745
      ],
      [
        "competitive",
        0.0795745849609375
      ],
      [
        "joining",
        0.076462022960186
      ],
      [
        "resume",
        0.07335685938596725
      ],
      [
        "Beaut",
        0.07245022803544998
      ],
      [
        "luck",
        0.06951860338449478
      ],
      [
        "Good",
        0.06049470603466034
      ],
      [
        "ifully",
        0.05868389829993248
      ],
      [
        "help",
        0.05435365438461304
      ],
      [
        "designed",
        0.054325517266988754
      ],
      [
        "Short",
        0.05318679288029671
      ],
      [
        "list",
        0.04806652292609215
      ],
      [
        "see",
        0.04518325626850128
      ],
      [
        "motivation",
        0.039403147995471954
      ],
      [
        "mind",
        0.034888096153736115
      ],
      [
        "lot",
        0.027298787608742714
      ],
      [
        "imagine",
        0.026387272402644157
      ],
      [
        "shows",
        0.02517741732299328
      ],
      [
        "dream",
        0.025076517835259438
      ],
      [
        "better",
        0.02371850423514843
      ],
      [
        "reviewed",
        0.022992338985204697
      ],
      [
        "like",
        0.02269229106605053
      ],
      [
        "languages",
        0.020833438262343407
      ],
      [
        "write",
        0.020184634253382683
      ],
      [
        "future",
        0.0195123553276062
      ],
      [
        "Key",
        0.018309976905584335
      ],
      [
        "matters",
        0.01768752746284008
      ],
      [
        "resumes",
        0.01648319512605667
      ],
      [
        "Res",
        0.016372350975871086
      ],
      [
        "applications",
        0.015598568134009838
      ],
      [
        "ers",
        0.015227686613798141
      ],
      [
        "recruit",
        0.015100475400686264
      ],
      [
        "check",
        0.014745810069143772
      ],
      [
        "adapted",
        0.014654592610895634
      ],
      [
        "qualify",
        0.01401480007916689
      ],
      [
        "phrase",
        0.013258096762001514
      ],
      [
        "phone",
        0.012186471372842789
      ],
      [
        "often",
        0.011788493022322655
      ],
      [
        "light",
        0.011255156248807907
      ],
      [
        "High",
        0.008488149382174015
      ],
      [
        "what",
        0.006876990664750338
      ],
      [
        "Catch",
        0.004907721187919378
      ],
      [
        "hundreds",
        0.0035813204012811184
      ],
      [
        "bold",
        0.0003585183003451675
      ],
      [
        "finding",
        -0.0003781314881052822
      ],
      [
        "set",
        -0.005290275905281305
      ],
      [
        "need",
        -0.005864288192242384
      ],
      [
        "etc",
        -0.005924542434513569
      ],
      [
        "visible",
        -0.006449954118579626
      ],
      [
        "ume",
        -0.009368724189698696
      ],
      [
        "mistakes",
        -0.010398034937679768
      ],
      [
        "easily",
        -0.014643371105194092
      ],
      [
        "elements",
        -0.019853057339787483
      ],
      [
        "city",
        -0.021985312923789024
      ],
      [
        "No",
        -0.023152297362685204
      ],
      [
        "Hello",
        -0.031195146963000298
      ],
      [
        "hard",
        -0.04053633660078049
      ],
      [
        "choose",
        -0.04175783693790436
      ],
      [
        "Thank",
        -0.05732748284935951
      ],
      [
        "decided",
        -0.05905045196413994
      ],
      [
        "sorry",
        -0.08483171463012695
      ],
      [
        "not",
        -0.13488547503948212
      ],
      [
        "proceed",
        -0.3505025804042816
      ],
      [
        "unfortunately",
        -0.3758047819137573
      ]
    ]
  },
  "Company_A": {
    "vader": 0.9894,
    "roberta": 0.8253324627876282,
    "positive_sum": 2.6652702577994205,
    "negative_sum": -0.5835426351986825,
    "net_impact": 2.081727622600738,